{"5000": {"30": 22.42950201034546, "10": 36.39160692691803, "50": 9.45291817188263, "mean": 22.758009036382038}, "6000": {"30": 23.599064350128174, "10": 38.17661702632904, "50": 10.914009809494019, "mean": 24.229897061983745}}