{"5000": {"30": 19.72702145576477, "10": 35.210707783699036, "50": 6.417780369520187, "mean": 20.451836536328}, "6000": {"30": 19.51749622821808, "10": 34.95105803012848, "50": 6.5963976085186005, "mean": 20.35498395562172}}