{"5000": {"30": 19.406670331954956, "10": 36.35241985321045, "50": 7.231162488460541, "mean": 20.99675089120865}, "6000": {"30": 20.419783890247345, "10": 36.73657178878784, "50": 7.060040533542633, "mean": 21.405465404192608}}