{"5000": {"30": 24.430540204048157, "10": 37.25865185260773, "50": 11.303994804620743, "mean": 24.33106228709221}, "6000": {"30": 24.299266934394836, "10": 36.757892370224, "50": 12.24539503455162, "mean": 24.434184779723484}}