{"5000": {"30": 17.499493062496185, "10": 33.944737911224365, "50": 5.561136454343796, "mean": 19.001789142688114}, "6000": {"30": 20.067453384399414, "10": 36.5638792514801, "50": 7.3852382600307465, "mean": 21.33885696530342}}