{"5000": {"30": 25.246387720108032, "10": 38.81935477256775, "50": 12.486866861581802, "mean": 25.517536451419193}, "6000": {"30": 22.228296101093292, "10": 37.91136145591736, "50": 9.103399515151978, "mean": 23.08101902405421}}