{"5000": {"30": 18.84133666753769, "10": 35.190150141716, "50": 6.4206331968307495, "mean": 20.150706668694813}, "6000": {"30": 19.065020978450775, "10": 34.619784355163574, "50": 6.709203869104385, "mean": 20.131336400906246}}