{"5000": {"30": 21.08885496854782, "10": 34.66561734676361, "50": 8.93283560872078, "mean": 21.562435974677403}, "6000": {"30": 22.575823962688446, "10": 37.366071343421936, "50": 10.838288068771362, "mean": 23.593394458293915}}