{"5000": {"30": 22.23852425813675, "10": 35.40827035903931, "50": 10.600501298904419, "mean": 22.749098638693493}, "6000": {"30": 22.698470950126648, "10": 38.03545534610748, "50": 9.347660094499588, "mean": 23.36052879691124}}