{"5000": {"30": 19.440282881259918, "10": 35.722142457962036, "50": 5.880116671323776, "mean": 20.347514003515244}, "6000": {"30": 18.73473823070526, "10": 35.06437838077545, "50": 6.25021904706955, "mean": 20.016445219516754}}