{"5000": {"30": 21.09895944595337, "10": 37.23220229148865, "50": 8.097833395004272, "mean": 22.142998377482098}, "6000": {"30": 20.736610889434814, "10": 36.03672981262207, "50": 7.669027149677277, "mean": 21.48078928391139}}