{"5000": {"30": 19.678810238838196, "10": 36.39445900917053, "50": 6.672776490449905, "mean": 20.91534857948621}, "6000": {"30": 18.509164452552795, "10": 34.743645787239075, "50": 6.190690025687218, "mean": 19.81450008849303}}