{"5000": {"30": 21.728602051734924, "10": 36.054593324661255, "50": 8.876477926969528, "mean": 22.219891101121902}, "6000": {"30": 22.82586395740509, "10": 38.03689479827881, "50": 9.159012883901596, "mean": 23.3405905465285}}