{"5000": {"30": 21.082207560539246, "10": 33.079227805137634, "50": 10.802672803401947, "mean": 21.654702723026276}, "6000": {"30": 20.911498367786407, "10": 35.25504171848297, "50": 8.305922895669937, "mean": 21.49082099397977}}