{"5000": {"30": 21.95023149251938, "10": 34.64149832725525, "50": 9.969808906316757, "mean": 22.187179575363796}, "6000": {"30": 23.425395786762238, "10": 37.634751200675964, "50": 11.197352409362793, "mean": 24.085833132267}}